{"cameraMode":{"drawMode":0,"name":"Shaded","section":"Shading Mode"},"sceneLighting":false,"audioPlay":false,"sceneViewState":{"showFog":true,"showMaterialUpdate":true,"showSkybox":false,"showFlares":true,"showImageEffects":true,"showParticleSystems":true,"showVisualEffectGraphs":true,"m_FxEnabled":true},"in2DMode":false,"pivot":{"x":0.24522709846496583,"y":1.5961885452270508,"z":-0.08782577514648438},"rotation":{"x":0.0031316550448536875,"y":0.9921240210533142,"z":-0.12265010923147202,"w":0.025333331897854806},"size":2.4463651180267336,"orthographic":false}