{"cameraMode":{"drawMode":0,"name":"Shaded","section":"Shading Mode"},"sceneLighting":true,"audioPlay":false,"sceneViewState":{"showFog":true,"showMaterialUpdate":true,"showSkybox":true,"showFlares":true,"showImageEffects":true,"showParticleSystems":true,"showVisualEffectGraphs":true,"m_FxEnabled":true},"in2DMode":false,"pivot":{"x":1.1267905235290528,"y":-1.1932926177978516,"z":47.688926696777347},"rotation":{"x":-0.1536925584077835,"y":-0.14468328654766084,"z":0.022755509242415429,"w":-0.9772036075592041},"size":5.571247100830078,"orthographic":false}