{"cameraMode":{"drawMode":0,"name":"Shaded","section":"Shading Mode"},"sceneLighting":true,"audioPlay":false,"sceneViewState":{"showFog":true,"showMaterialUpdate":true,"showSkybox":true,"showFlares":true,"showImageEffects":true,"showParticleSystems":true,"showVisualEffectGraphs":true,"m_FxEnabled":true},"in2DMode":false,"pivot":{"x":1.9368733167648316,"y":7.699888229370117,"z":-0.3722003698348999},"rotation":{"x":0.010194987989962101,"y":0.9616404175758362,"z":-0.03607843443751335,"w":0.2717389464378357},"size":1.6757116317749024,"orthographic":false}