{"cameraMode":{"drawMode":0,"name":"Shaded","section":"Shading Mode"},"sceneLighting":false,"audioPlay":false,"sceneViewState":{"showFog":false,"showMaterialUpdate":true,"showSkybox":true,"showFlares":true,"showImageEffects":false,"showParticleSystems":true},"in2DMode":false,"pivot":{"x":-2.10499906539917,"y":3.1140284538269045,"z":1.8144798278808594},"rotation":{"x":0.06424461305141449,"y":0.36205512285232546,"z":-0.025021541863679887,"w":0.9296038150787354},"size":6.376843452453613,"orthographic":false}