{"cameraMode":{"drawMode":0,"name":"Shaded","section":"Shading Mode"},"sceneLighting":true,"audioPlay":false,"sceneViewState":{"showFog":true,"showMaterialUpdate":true,"showSkybox":true,"showFlares":true,"showImageEffects":true,"showParticleSystems":true},"in2DMode":false,"pivot":{"x":-5.182407379150391,"y":-1.2815866470336915,"z":-3.5746891498565676},"rotation":{"x":-0.16544754803180695,"y":0.7414226531982422,"z":-0.1980285346508026,"w":-0.6194388270378113},"size":11.635547637939454,"orthographic":false}