{"cameraMode":{"drawMode":0,"name":"Shaded","section":"Shading Mode"},"sceneLighting":true,"audioPlay":false,"sceneViewState":{"showFog":false,"showMaterialUpdate":true,"showSkybox":true,"showFlares":true,"showImageEffects":true,"showParticleSystems":true},"in2DMode":false,"pivot":{"x":2.7551817893981935,"y":-3.3980560302734377,"z":24.431140899658204},"rotation":{"x":-0.2054007649421692,"y":0.03404668718576431,"z":-0.00715032359585166,"w":-0.978061318397522},"size":53.997920989990237,"orthographic":false}