{"cameraMode":{"drawMode":0,"name":"Shaded","section":"Shading Mode"},"sceneLighting":true,"audioPlay":false,"sceneViewState":{"showFog":true,"showMaterialUpdate":true,"showSkybox":true,"showFlares":true,"showImageEffects":true,"showParticleSystems":true},"in2DMode":false,"pivot":{"x":-0.8626084327697754,"y":1.153029203414917,"z":0.14444923400878907},"rotation":{"x":-0.1110599935054779,"y":-0.01878436841070652,"z":0.002099647419527173,"w":-0.993634045124054},"size":15.86054515838623,"orthographic":false}