{"cameraMode":{"drawMode":0,"name":"Shaded","section":"Shading Mode"},"sceneLighting":false,"audioPlay":false,"sceneViewState":{"showFog":true,"showMaterialUpdate":true,"showSkybox":false,"showFlares":true,"showImageEffects":true,"showParticleSystems":true},"in2DMode":false,"pivot":{"x":2.6959519386291506,"y":2.2110795974731447,"z":-9.08688735961914},"rotation":{"x":-0.0765315368771553,"y":-0.7568480372428894,"z":0.09010868519544602,"w":-0.6428096890449524},"size":5.552229881286621,"orthographic":false}