{"cameraMode":{"drawMode":0,"name":"Shaded","section":"Shading Mode"},"sceneLighting":true,"audioPlay":false,"sceneViewState":{"showFog":true,"showMaterialUpdate":true,"showSkybox":true,"showFlares":true,"showImageEffects":true,"showParticleSystems":true},"in2DMode":false,"pivot":{"x":-21.31795310974121,"y":-1.5634112358093262,"z":12.110060691833496},"rotation":{"x":-0.08812032639980316,"y":0.36379238963127139,"z":-0.034594547003507617,"w":-0.9266583323478699},"size":33.55110549926758,"orthographic":false}