{"cameraMode":{"drawMode":0,"name":"Shaded","section":"Shading Mode"},"sceneLighting":false,"audioPlay":false,"sceneViewState":{"showFog":false,"showMaterialUpdate":true,"showSkybox":false,"showFlares":true,"showImageEffects":false,"showParticleSystems":true},"in2DMode":false,"pivot":{"x":-12.31393814086914,"y":6.127469062805176,"z":-2.896254777908325},"rotation":{"x":-0.14578254520893098,"y":0.7813907861709595,"z":-0.19868966937065125,"w":-0.5733217597007752},"size":13.072953224182129,"orthographic":false}